{"fetchedAt":1783355687270,"craft":{"voyager1":{"epochMs":1783296000000,"r":[-4795957183.883648,-24547237227.73419,5418348654.108253],"v":[-2.070861840305015,-16.39957644295228,3.607091182346065]},"voyager2":{"epochMs":1783296000000,"r":[5935903492.630203,-9106817579.012882,-18481928164.50856],"v":[4.203387186782606,-4.068016856798892,-14.09975921815369]},"parker":{"epochMs":1783296000000,"r":[70832788.10839877,-61615945.38052981,-32208503.19066579],"v":[19.70627851046707,-0.3239928802529435,-1.390813101728314]},"newhorizons":{"epochMs":1783296000000,"r":[3078784869.91861,-8596236825.97674,-3357477956.513686],"v":[5.310434065529543,-11.66260879913062,-4.520236707103686]},"jwst":{"epochMs":1783296000000,"r":[35649837.73924282,-137066555.3214103,-59753455.2179435],"v":[28.54957650677836,6.305146046452286,2.80646317662295]}}}